scaffold,circular
1,l
2,l
3,l
4,l
5,l
6,l
7,l
8,l
9,l
10,l
11,l
12,l
13,l
14,l
15,l
16,l
17,l
18,l
19,l
20,l
21,l
22,l
23,l
24,l
25,l
26,l
27,l
28,l
29,l
30,l
31,c
32,l
33,l
34,l
35,l
36,l
37,l
38,l
39,l
40,l
41,l
42,l
43,l
44,l
45,l
46,l
47,l
48,l
49,l
50,l
51,l
52,l
53,l
54,l
55,l
56,l
57,l
58,l
59,l
60,l
61,l
62,l
63,l
64,l
65,l
66,l
67,l
68,l
69,l
70,l
71,l
72,l
73,l
74,l
75,l
76,l
77,l
78,l
79,l
80,l
81,l
82,l
83,l
84,l
85,l
86,l
87,l
88,l
89,l
90,l
91,l
92,l
93,l
94,l
95,l
96,l
97,c
98,l
99,l
100,l
101,l
102,l
103,l
104,l
105,l
106,l
107,l
108,l
109,l
110,l
111,l
112,l
113,l
114,l
115,l
116,l
117,l
118,l
119,l
120,l
121,l
122,l
123,l
124,l
125,l
126,l
127,l
128,l
129,l
130,l
131,l
132,l
133,l
134,l
135,l
136,l
137,l
138,l
139,l
140,l
141,l
142,l
143,l
144,l
145,l
146,l
147,c
148,l
149,l
150,l
151,l
152,c
153,l
154,l
155,l
156,l
157,l
158,l
159,l
160,l
161,l
162,l
163,l
164,l
165,l
166,l
167,l
168,l
169,l
170,c
171,l
172,l
173,l
174,l
175,l
176,l
177,l
178,l
179,l
180,l
181,l
182,l
183,l
184,l
185,l
186,c
187,l
188,l
189,l
190,l
191,l
192,l
193,l
194,l
195,l
196,l
197,l
198,l
199,l
200,l
201,l
202,l
203,l
204,l
205,l
206,l
207,l
208,l
209,l
210,l
211,l
212,l
213,l
214,l
215,l
216,l
217,l
218,l
219,l
220,l
221,l
222,l
223,l
224,l
225,l
226,l
227,l
228,l
229,l
230,l
231,l
232,l
233,l
234,l
235,l
236,l
237,l
238,l
239,l
240,l
241,c
242,l
243,l
244,l
245,l
246,l
247,l
248,l
249,l
250,l
251,l
252,l
253,l
254,l
255,l
256,l
257,l
258,l
259,l
260,l
261,l
262,l
263,l
264,l
265,l
266,l
267,l
268,l
269,l
270,l
271,l
272,l
273,l
274,l
275,l
276,l
277,l
278,l
279,l
280,l
281,l
282,l
283,l
284,l
285,l
286,l
287,l
288,l
289,l
290,l
291,l
292,l
293,l
294,l
295,l
296,l
297,l
298,l
299,l
300,c
301,l
302,l
303,l
304,l
305,l
306,l
307,l
308,l
309,l
310,l
311,l
312,l
313,l
314,l
315,l
316,l
317,l
318,l
319,l
320,l
321,l
322,l
323,l
324,l
325,l
326,l
327,l
328,l
329,l
330,l
331,l
332,l
333,l
334,l
335,l
336,l
337,l
338,l
339,l
340,l
341,l
342,l
343,l
344,l
345,l
346,c
347,l
348,l
349,l
350,l
351,l
352,c
353,l
354,c
355,l
356,l
357,l
358,l
359,l
360,l
361,l
362,l
363,l
364,l
365,l
366,l
367,l
368,l
369,l
370,l
371,l
372,l
373,l
374,l
375,c
376,l
377,c
378,l
379,l
380,l
381,l
382,l
383,l
384,l
385,c
386,l
387,l
388,l
389,l
390,l
391,l
392,l
393,l
394,l
395,l
396,l
397,l
398,l
399,l
400,l
401,l
402,c
403,l
404,l
405,l
406,c
407,l
408,c
409,l
410,l
411,l
412,l
413,c
414,l
415,l
416,l
417,l
